yahoo_team_id,team_name,manager_name,fbp_abbr,player_id,player_key,name,first_name,last_name,position,eligible_positions,team,team_full,status,ownership_type,owned_by,percent_owned
2,Btwn2Jackies,Lauren,B2J,8180,458.p.8180,Clayton Kershaw,Clayton,Kershaw,SP,,LAD,Los Angeles Dodgers,NA,team,458.l.15505.t.2,61
1,Whiz Kids,Kyle,WIZ,8287,458.p.8287,David Robertson,David,Robertson,RP,,PHI,Philadelphia Phillies,NA,team,458.l.15505.t.1,5
1,Whiz Kids,Kyle,WIZ,8616,458.p.8616,Aroldis Chapman,Aroldis,Chapman,RP,,BOS,Boston Red Sox,,team,458.l.15505.t.1,91
7,Law Abiding Citizen,Mike,LAW ,8658,458.p.8658,Freddie Freeman,Freddie,Freeman,1B,,LAD,Los Angeles Dodgers,,team,458.l.15505.t.7,99
11,The Bluke Blokes,Blake,TBB,8758,458.p.8758,Kenley Jansen,Kenley,Jansen,RP,,DET,Detroit Tigers,,team,458.l.15505.t.11,80
4,Hammers,Nathan,HAM,8780,458.p.8780,Chris Sale,Chris,Sale,SP,,ATL,Atlanta Braves,,team,458.l.15505.t.4,96
11,The Bluke Blokes,Blake,TBB,8861,458.p.8861,Mike Trout,Mike,Trout,CF,,LAA,Los Angeles Angels,,team,458.l.15505.t.11,88
2,Btwn2Jackies,Lauren,B2J,8875,458.p.8875,Bryce Harper,Bryce,Harper,1B,,PHI,Philadelphia Phillies,,team,458.l.15505.t.2,99
7,Law Abiding Citizen,Mike,LAW ,8996,458.p.8996,Jose Altuve,Jose,Altuve,"2B,OF",,HOU,Houston Astros,DTD,team,458.l.15505.t.7,97
8,not much of a donkey,ben,SAD,9007,458.p.9007,Nathan Eovaldi,Nathan,Eovaldi,SP,,TEX,Texas Rangers,IL60,team,458.l.15505.t.8,59
11,The Bluke Blokes,Blake,TBB,9015,458.p.9015,Salvador Perez,Salvador,Perez,"C,1B",,KC,Kansas City Royals,,team,458.l.15505.t.11,96
11,The Bluke Blokes,Blake,TBB,9095,458.p.9095,Yu Darvish,Yu,Darvish,SP,,SD,San Diego Padres,,team,458.l.15505.t.11,46
7,Law Abiding Citizen,Mike,LAW ,9111,458.p.9111,Manny Machado,Manny,Machado,3B,,SD,San Diego Padres,,team,458.l.15505.t.7,99
3,Country Fried Lamb,Jake,CFL,9112,458.p.9112,Jurickson Profar,Jurickson,Profar,OF,,ATL,Atlanta Braves,,team,458.l.15505.t.3,75
9,Andromedans,Zakkeroni,DRO,9116,458.p.9116,Francisco Lindor,Francisco,Lindor,SS,,NYM,New York Mets,DTD,team,458.l.15505.t.9,99
10,Rick Vaughn,Richard,RV,9121,458.p.9121,Gerrit Cole,Gerrit,Cole,SP,,NYY,New York Yankees,IL60,team,458.l.15505.t.10,14
2,Btwn2Jackies,Lauren,B2J,9124,458.p.9124,Zack Wheeler,Zack,Wheeler,SP,,PHI,Philadelphia Phillies,IL60,team,458.l.15505.t.2,59
2,Btwn2Jackies,Lauren,B2J,9176,458.p.9176,Jose Quintana,Jose,Quintana,SP,,MIL,Milwaukee Brewers,NA,team,458.l.15505.t.2,25
7,Law Abiding Citizen,Mike,LAW ,9319,458.p.9319,Xander Bogaerts,Xander,Bogaerts,"2B,SS",,SD,San Diego Padres,,team,458.l.15505.t.7,63
12,Weekend Warriors,Zach,WAR,9320,458.p.9320,Christian Yelich,Christian,Yelich,OF,,MIL,Milwaukee Brewers,,team,458.l.15505.t.12,94
12,Weekend Warriors,Zach,WAR,9329,458.p.9329,Michael Wacha,Michael,Wacha,SP,,KC,Kansas City Royals,,team,458.l.15505.t.12,41
2,Btwn2Jackies,Lauren,B2J,9334,458.p.9334,Kevin Gausman,Kevin,Gausman,SP,,TOR,Toronto Blue Jays,,team,458.l.15505.t.2,92
1,Whiz Kids,Kyle,WIZ,9339,458.p.9339,George Springer,George,Springer,CF,,TOR,Toronto Blue Jays,,team,458.l.15505.t.1,92
4,Hammers,Nathan,HAM,9459,458.p.9459,Sonny Gray,Sonny,Gray,SP,,BOS,Boston Red Sox,,team,458.l.15505.t.4,87
8,not much of a donkey,ben,SAD,9507,458.p.9507,José Ramírez,José,Ramírez,3B,,CLE,Cleveland Guardians,,team,458.l.15505.t.8,99
6,La Flama Blanca,Alex,LFB,9552,458.p.9552,Mookie Betts,Mookie,Betts,"2B,SS,OF",,LAD,Los Angeles Dodgers,,team,458.l.15505.t.6,99
5,Jepordizers,John Mobley,JEP,9571,458.p.9571,Trevor Story,Trevor,Story,SS,,BOS,Boston Red Sox,,team,458.l.15505.t.5,86
3,Country Fried Lamb,Jake,CFL,9573,458.p.9573,Carlos Correa,Carlos,Correa,"3B,SS",,HOU,Houston Astros,,team,458.l.15505.t.3,61
9,Andromedans,Zakkeroni,DRO,9582,458.p.9582,Sean Manaea,Sean,Manaea,SP,,NYM,New York Mets,,team,458.l.15505.t.9,38
4,Hammers,Nathan,HAM,9584,458.p.9584,Corey Seager,Corey,Seager,SS,,TEX,Texas Rangers,DTD,team,458.l.15505.t.4,83
6,La Flama Blanca,Alex,LFB,9590,458.p.9590,Byron Buxton,Byron,Buxton,CF,,MIN,Minnesota Twins,,team,458.l.15505.t.6,92
8,not much of a donkey,ben,SAD,9605,458.p.9605,Matt Olson,Matt,Olson,1B,,ATL,Atlanta Braves,,team,458.l.15505.t.8,99
1,Whiz Kids,Kyle,WIZ,9606,458.p.9606,Max Muncy,Max,Muncy,3B,,LAD,Los Angeles Dodgers,,team,458.l.15505.t.1,56
11,The Bluke Blokes,Blake,TBB,9616,458.p.9616,Tyler Glasnow,Tyler,Glasnow,SP,,LAD,Los Angeles Dodgers,,team,458.l.15505.t.11,95
2,Btwn2Jackies,Lauren,B2J,9620,458.p.9620,Max Fried,Max,Fried,SP,,NYY,New York Yankees,,team,458.l.15505.t.2,94
7,Law Abiding Citizen,Mike,LAW ,9672,458.p.9672,Blake Treinen,Blake,Treinen,RP,,LAD,Los Angeles Dodgers,,team,458.l.15505.t.7,8
8,not much of a donkey,ben,SAD,9691,458.p.9691,Robbie Ray,Robbie,Ray,SP,,SF,San Francisco Giants,,team,458.l.15505.t.8,80
1,Whiz Kids,Kyle,WIZ,9701,458.p.9701,Jacob deGrom,Jacob,deGrom,SP,,TEX,Texas Rangers,,team,458.l.15505.t.1,94
2,Btwn2Jackies,Lauren,B2J,9718,458.p.9718,J.T. Realmuto,J.T.,Realmuto,C,,PHI,Philadelphia Phillies,NA,team,458.l.15505.t.2,77
10,Rick Vaughn,Richard,RV,9724,458.p.9724,Eugenio Suárez,Eugenio,Suárez,3B,,SEA,Seattle Mariners,NA,team,458.l.15505.t.10,95
4,Hammers,Nathan,HAM,9750,458.p.9750,Jorge Polanco,Jorge,Polanco,"2B,3B",,NYM,New York Mets,,team,458.l.15505.t.4,73
11,The Bluke Blokes,Blake,TBB,9758,458.p.9758,Kyle Hendricks,Kyle,Hendricks,"SP,RP",,LAA,Los Angeles Angels,NA,team,458.l.15505.t.11,9
11,The Bluke Blokes,Blake,TBB,9799,458.p.9799,Chris Bassitt,Chris,Bassitt,SP,,TOR,Toronto Blue Jays,NA,team,458.l.15505.t.11,57
2,Btwn2Jackies,Lauren,B2J,9815,458.p.9815,Yimi García,Yimi,García,RP,,TOR,Toronto Blue Jays,IL60,team,458.l.15505.t.2,2
1,Whiz Kids,Kyle,WIZ,9823,458.p.9823,Carlos Rodón,Carlos,Rodón,SP,,NYY,New York Yankees,DTD,team,458.l.15505.t.1,92
3,Country Fried Lamb,Jake,CFL,9846,458.p.9846,Christian Walker,Christian,Walker,1B,,HOU,Houston Astros,,team,458.l.15505.t.3,76
8,not much of a donkey,ben,SAD,9861,458.p.9861,Kyle Schwarber,Kyle,Schwarber,OF,,PHI,Philadelphia Phillies,,team,458.l.15505.t.8,99
12,Weekend Warriors,Zach,WAR,9868,458.p.9868,Sean Newcomb,Sean,Newcomb,"SP,RP",,CWS,Chicago White Sox,DTD,team,458.l.15505.t.12,2
2,Btwn2Jackies,Lauren,B2J,9876,458.p.9876,Brandon Nimmo,Brandon,Nimmo,CF,,TEX,Texas Rangers,,team,458.l.15505.t.2,86
9,Andromedans,Zakkeroni,DRO,9877,458.p.9877,Aaron Judge,Aaron,Judge,CF,,NYY,New York Yankees,,team,458.l.15505.t.9,99
1,Whiz Kids,Kyle,WIZ,9879,458.p.9879,Luis Severino,Luis,Severino,SP,,ATH, Athletics,,team,458.l.15505.t.1,26
7,Law Abiding Citizen,Mike,LAW ,9882,458.p.9882,Aaron Nola,Aaron,Nola,SP,,PHI,Philadelphia Phillies,,team,458.l.15505.t.7,78
1,Whiz Kids,Kyle,WIZ,9893,458.p.9893,Willy Adames,Willy,Adames,SS,,SF,San Francisco Giants,,team,458.l.15505.t.1,90
11,The Bluke Blokes,Blake,TBB,9896,458.p.9896,Jeff Hoffman,Jeff,Hoffman,RP,,TOR,Toronto Blue Jays,,team,458.l.15505.t.11,91
11,The Bluke Blokes,Blake,TBB,9900,458.p.9900,Yoán Moncada,Yoán,Moncada,3B,,LAA,Los Angeles Angels,NA,team,458.l.15505.t.11,1
9,Andromedans,Zakkeroni,DRO,9902,458.p.9902,Raisel Iglesias,Raisel,Iglesias,RP,,ATL,Atlanta Braves,,team,458.l.15505.t.9,93
2,Btwn2Jackies,Lauren,B2J,10011,458.p.10011,Matthew Boyd,Matthew,Boyd,SP,,CHC,Chicago Cubs,,team,458.l.15505.t.2,69
10,Rick Vaughn,Richard,RV,10036,458.p.10036,Ketel Marte,Ketel,Marte,2B,,AZ,Arizona Diamondbacks,,team,458.l.15505.t.10,98
11,The Bluke Blokes,Blake,TBB,10056,458.p.10056,Trea Turner,Trea,Turner,SS,,PHI,Philadelphia Phillies,,team,458.l.15505.t.11,96
11,The Bluke Blokes,Blake,TBB,10098,458.p.10098,Adrian Houser,Adrian,Houser,"SP,RP",,SF,San Francisco Giants,,team,458.l.15505.t.11,26
6,La Flama Blanca,Alex,LFB,10131,458.p.10131,Josh Hader,Josh,Hader,RP,,HOU,Houston Astros,DTD,team,458.l.15505.t.6,78
7,Law Abiding Citizen,Mike,LAW ,10148,458.p.10148,Blake Snell,Blake,Snell,SP,,LAD,Los Angeles Dodgers,,team,458.l.15505.t.7,91
5,Jepordizers,John Mobley,JEP,10152,458.p.10152,Reynaldo López,Reynaldo,López,SP,,ATL,Atlanta Braves,DTD,team,458.l.15505.t.5,18
8,not much of a donkey,ben,SAD,10166,458.p.10166,Willson Contreras,Willson,Contreras,"C,1B",,BOS,Boston Red Sox,DTD,team,458.l.15505.t.8,75
3,Country Fried Lamb,Jake,CFL,10183,458.p.10183,Alex Bregman,Alex,Bregman,3B,,BOS,Boston Red Sox,NA,team,458.l.15505.t.3,95
4,Hammers,Nathan,HAM,10205,458.p.10205,Matt Chapman,Matt,Chapman,3B,,SF,San Francisco Giants,,team,458.l.15505.t.4,85
9,Andromedans,Zakkeroni,DRO,10214,458.p.10214,Edwin Díaz,Edwin,Díaz,RP,,LAD,Los Angeles Dodgers,,team,458.l.15505.t.9,97
2,Btwn2Jackies,Lauren,B2J,10235,458.p.10235,Rafael Devers,Rafael,Devers,"1B,3B",,SF,San Francisco Giants,,team,458.l.15505.t.2,99
6,La Flama Blanca,Alex,LFB,10236,458.p.10236,Gleyber Torres,Gleyber,Torres,2B,,DET,Detroit Tigers,DTD,team,458.l.15505.t.6,78
2,Btwn2Jackies,Lauren,B2J,10237,458.p.10237,Ozzie Albies,Ozzie,Albies,2B,,ATL,Atlanta Braves,DTD,team,458.l.15505.t.2,82
6,La Flama Blanca,Alex,LFB,10274,458.p.10274,Carlos Estévez,Carlos,Estévez,RP,,KC,Kansas City Royals,,team,458.l.15505.t.6,86
12,Weekend Warriors,Zach,WAR,10322,458.p.10322,Adam Frazier,Adam,Frazier,"2B,3B,OF",,KC,Kansas City Royals,NA,team,458.l.15505.t.12,2
12,Weekend Warriors,Zach,WAR,10326,458.p.10326,Seth Lugo,Seth,Lugo,SP,,KC,Kansas City Royals,DTD,team,458.l.15505.t.12,55
1,Whiz Kids,Kyle,WIZ,10355,458.p.10355,Matt Strahm,Matt,Strahm,RP,,KC,Kansas City Royals,,team,458.l.15505.t.1,18
3,Country Fried Lamb,Jake,CFL,10418,458.p.10418,Brad Keller,Brad,Keller,RP,,PHI,Philadelphia Phillies,,team,458.l.15505.t.3,23
9,Andromedans,Zakkeroni,DRO,10420,458.p.10420,Austin Riley,Austin,Riley,3B,,ATL,Atlanta Braves,DTD,team,458.l.15505.t.9,58
7,Law Abiding Citizen,Mike,LAW ,10438,458.p.10438,Dylan Cease,Dylan,Cease,SP,,TOR,Toronto Blue Jays,,team,458.l.15505.t.7,88
3,Country Fried Lamb,Jake,CFL,10440,458.p.10440,Ian Happ,Ian,Happ,OF,,CHC,Chicago Cubs,,team,458.l.15505.t.3,88
2,Btwn2Jackies,Lauren,B2J,10465,458.p.10465,Yandy Díaz,Yandy,Díaz,1B,,TB,Tampa Bay Rays,,team,458.l.15505.t.2,87
10,Rick Vaughn,Richard,RV,10480,458.p.10480,Kyle Tucker,Kyle,Tucker,OF,,CHC,Chicago Cubs,NA,team,458.l.15505.t.10,97
4,Hammers,Nathan,HAM,10496,458.p.10496,Taylor Ward,Taylor,Ward,OF,,BAL,Baltimore Orioles,,team,458.l.15505.t.4,83
1,Whiz Kids,Kyle,WIZ,10504,458.p.10504,Cody Bellinger,Cody,Bellinger,"1B,CF",,NYY,New York Yankees,NA,team,458.l.15505.t.1,98
2,Btwn2Jackies,Lauren,B2J,10514,458.p.10514,Luis Castillo,Luis,Castillo,SP,,SEA,Seattle Mariners,,team,458.l.15505.t.2,89
2,Btwn2Jackies,Lauren,B2J,10522,458.p.10522,Trent Grisham,Trent,Grisham,CF,,NYY,New York Yankees,,team,458.l.15505.t.2,55
5,Jepordizers,John Mobley,JEP,10549,458.p.10549,Grant Holmes,Grant,Holmes,"SP,RP",,ATL,Atlanta Braves,DTD,team,458.l.15505.t.5,13
11,The Bluke Blokes,Blake,TBB,10557,458.p.10557,Mickey Moniak,Mickey,Moniak,CF,,COL,Colorado Rockies,,team,458.l.15505.t.11,33
3,Country Fried Lamb,Jake,CFL,10565,458.p.10565,Mitch Keller,Mitch,Keller,SP,,PIT,Pittsburgh Pirates,,team,458.l.15505.t.3,36
1,Whiz Kids,Kyle,WIZ,10572,458.p.10572,Josh Naylor,Josh,Naylor,1B,,SEA,Seattle Mariners,,team,458.l.15505.t.1,96
2,Btwn2Jackies,Lauren,B2J,10574,458.p.10574,Adrian Morejon,Adrian,Morejon,RP,,SD,San Diego Padres,,team,458.l.15505.t.2,24
2,Btwn2Jackies,Lauren,B2J,10591,458.p.10591,Harrison Bader,Harrison,Bader,CF,,PHI,Philadelphia Phillies,NA,team,458.l.15505.t.2,37
5,Jepordizers,John Mobley,JEP,10592,458.p.10592,Jack Flaherty,Jack,Flaherty,SP,,DET,Detroit Tigers,,team,458.l.15505.t.5,73
10,Rick Vaughn,Richard,RV,10597,458.p.10597,Sandy Alcantara,Sandy,Alcantara,SP,,MIA,Miami Marlins,,team,458.l.15505.t.10,73
6,La Flama Blanca,Alex,LFB,10601,458.p.10601,Josh Lowe,Josh,Lowe,CF,,TB,Tampa Bay Rays,,team,458.l.15505.t.6,40
8,not much of a donkey,ben,SAD,10610,458.p.10610,Cole Ragans,Cole,Ragans,SP,,KC,Kansas City Royals,,team,458.l.15505.t.8,88
4,Hammers,Nathan,HAM,10616,458.p.10616,Lourdes Gurriel Jr.,Lourdes,Gurriel Jr.,OF,,AZ,Arizona Diamondbacks,DTD,team,458.l.15505.t.4,38
1,Whiz Kids,Kyle,WIZ,10621,458.p.10621,Vladimir Guerrero Jr.,Vladimir,Guerrero Jr.,"1B,3B",,TOR,Toronto Blue Jays,,team,458.l.15505.t.1,99
9,Andromedans,Zakkeroni,DRO,10626,458.p.10626,Juan Soto,Juan,Soto,OF,,NYM,New York Mets,,team,458.l.15505.t.9,99
6,La Flama Blanca,Alex,LFB,10627,458.p.10627,Jesús Luzardo,Jesús,Luzardo,SP,,PHI,Philadelphia Phillies,,team,458.l.15505.t.6,81
6,La Flama Blanca,Alex,LFB,10639,458.p.10639,Fernando Tatis Jr.,Fernando,Tatis Jr.,OF,,SD,San Diego Padres,,team,458.l.15505.t.6,99
5,Jepordizers,John Mobley,JEP,10642,458.p.10642,Will Smith,Will,Smith,C,,LAD,Los Angeles Dodgers,,team,458.l.15505.t.5,85
5,Jepordizers,John Mobley,JEP,10646,458.p.10646,Ronald Acuña Jr.,Ronald,Acuña Jr.,OF,,ATL,Atlanta Braves,,team,458.l.15505.t.5,99
10,Rick Vaughn,Richard,RV,10666,458.p.10666,Anthony Santander,Anthony,Santander,OF,,TOR,Toronto Blue Jays,DTD,team,458.l.15505.t.10,42
5,Jepordizers,John Mobley,JEP,10683,458.p.10683,Nick Pivetta,Nick,Pivetta,SP,,SD,San Diego Padres,,team,458.l.15505.t.5,91
7,Law Abiding Citizen,Mike,LAW ,10692,458.p.10692,José Alvarado,José,Alvarado,RP,,PHI,Philadelphia Phillies,DTD,team,458.l.15505.t.7,4
6,La Flama Blanca,Alex,LFB,10730,458.p.10730,Brandon Woodruff,Brandon,Woodruff,SP,,MIL,Milwaukee Brewers,DTD,team,458.l.15505.t.6,69
2,Btwn2Jackies,Lauren,B2J,10765,458.p.10765,Luis Robert Jr.,Luis,Robert Jr.,CF,,CWS,Chicago White Sox,DTD,team,458.l.15505.t.2,55
2,Btwn2Jackies,Lauren,B2J,10766,458.p.10766,Bo Bichette,Bo,Bichette,SS,,TOR,Toronto Blue Jays,NA,team,458.l.15505.t.2,85
11,The Bluke Blokes,Blake,TBB,10794,458.p.10794,A.J. Minter,A.J.,Minter,RP,,NYM,New York Mets,IL60,team,458.l.15505.t.11,1
6,La Flama Blanca,Alex,LFB,10839,458.p.10839,Jazz Chisholm Jr.,Jazz,Chisholm Jr.,"2B,3B,CF",,NYY,New York Yankees,,team,458.l.15505.t.6,97
9,Andromedans,Zakkeroni,DRO,10843,458.p.10843,Daulton Varsho,Daulton,Varsho,CF,,TOR,Toronto Blue Jays,,team,458.l.15505.t.9,18
7,Law Abiding Citizen,Mike,LAW ,10861,458.p.10861,Brendon Little,Brendon,Little,RP,,TOR,Toronto Blue Jays,,team,458.l.15505.t.7,10
6,La Flama Blanca,Alex,LFB,10862,458.p.10862,Hunter Greene,Hunter,Greene,SP,,CIN,Cincinnati Reds,,team,458.l.15505.t.6,93
2,Btwn2Jackies,Lauren,B2J,10867,458.p.10867,Shane Bieber,Shane,Bieber,SP,,TOR,Toronto Blue Jays,,team,458.l.15505.t.2,73
6,La Flama Blanca,Alex,LFB,10877,458.p.10877,Jake Burger,Jake,Burger,"1B,3B",,TEX,Texas Rangers,DTD,team,458.l.15505.t.6,32
12,Weekend Warriors,Zach,WAR,10881,458.p.10881,Isaac Paredes,Isaac,Paredes,"1B,3B",,HOU,Houston Astros,,team,458.l.15505.t.12,52
4,Hammers,Nathan,HAM,10883,458.p.10883,Yordan Alvarez,Yordan,Alvarez,OF,,HOU,Houston Astros,DTD,team,458.l.15505.t.4,79
8,not much of a donkey,ben,SAD,10893,458.p.10893,Jo Adell,Jo,Adell,CF,,LAA,Los Angeles Angels,,team,458.l.15505.t.8,60
6,La Flama Blanca,Alex,LFB,10901,458.p.10901,Dennis Santana,Dennis,Santana,RP,,PIT,Pittsburgh Pirates,,team,458.l.15505.t.6,42
1,Whiz Kids,Kyle,WIZ,10903,458.p.10903,Edward Cabrera,Edward,Cabrera,SP,,MIA,Miami Marlins,,team,458.l.15505.t.1,44
11,The Bluke Blokes,Blake,TBB,10909,458.p.10909,Trevor Rogers,Trevor,Rogers,SP,,BAL,Baltimore Orioles,,team,458.l.15505.t.11,73
11,The Bluke Blokes,Blake,TBB,10910,458.p.10910,Corbin Burnes,Corbin,Burnes,SP,,AZ,Arizona Diamondbacks,DTD,team,458.l.15505.t.11,37
9,Andromedans,Zakkeroni,DRO,10916,458.p.10916,Royce Lewis,Royce,Lewis,3B,,MIN,Minnesota Twins,,team,458.l.15505.t.9,58
1,Whiz Kids,Kyle,WIZ,10917,458.p.10917,Brent Rooker,Brent,Rooker,OF,,ATH, Athletics,,team,458.l.15505.t.1,98
5,Jepordizers,John Mobley,JEP,10918,458.p.10918,Pete Alonso,Pete,Alonso,1B,,BAL,Baltimore Orioles,,team,458.l.15505.t.5,99
6,La Flama Blanca,Alex,LFB,10922,458.p.10922,Mark Vientos,Mark,Vientos,3B,,NYM,New York Mets,,team,458.l.15505.t.6,66
3,Country Fried Lamb,Jake,CFL,10934,458.p.10934,Shane Baz,Shane,Baz,SP,,BAL,Baltimore Orioles,,team,458.l.15505.t.3,43
3,Country Fried Lamb,Jake,CFL,10940,458.p.10940,MacKenzie Gore,MacKenzie,Gore,SP,,WSH,Washington Nationals,DTD,team,458.l.15505.t.3,57
4,Hammers,Nathan,HAM,10941,458.p.10941,Joey Lucchesi,Joey,Lucchesi,"SP,RP",,SF,San Francisco Giants,NA,team,458.l.15505.t.4,1
12,Weekend Warriors,Zach,WAR,10944,458.p.10944,Heliot Ramos,Heliot,Ramos,CF,,SF,San Francisco Giants,,team,458.l.15505.t.12,70
3,Country Fried Lamb,Jake,CFL,11009,458.p.11009,Jason Adam,Jason,Adam,RP,,SD,San Diego Padres,IL60,team,458.l.15505.t.3,18
9,Andromedans,Zakkeroni,DRO,11011,458.p.11011,Seranthony Domínguez,Seranthony,Domínguez,RP,,TOR,Toronto Blue Jays,NA,team,458.l.15505.t.9,6
10,Rick Vaughn,Richard,RV,11014,458.p.11014,Freddy Peralta,Freddy,Peralta,SP,,MIL,Milwaukee Brewers,,team,458.l.15505.t.10,98
1,Whiz Kids,Kyle,WIZ,11057,458.p.11057,Pablo López,Pablo,López,SP,,MIN,Minnesota Twins,DTD,team,458.l.15505.t.1,70
6,La Flama Blanca,Alex,LFB,11104,458.p.11104,Randy Arozarena,Randy,Arozarena,CF,,SEA,Seattle Mariners,,team,458.l.15505.t.6,93
3,Country Fried Lamb,Jake,CFL,11117,458.p.11117,Ranger Suárez,Ranger,Suárez,SP,,PHI,Philadelphia Phillies,NA,team,458.l.15505.t.3,82
3,Country Fried Lamb,Jake,CFL,11118,458.p.11118,Jeff McNeil,Jeff,McNeil,"2B,CF",,ATH, Athletics,,team,458.l.15505.t.3,14
3,Country Fried Lamb,Jake,CFL,11121,458.p.11121,Jeffrey Springs,Jeffrey,Springs,SP,,ATH, Athletics,,team,458.l.15505.t.3,34
1,Whiz Kids,Kyle,WIZ,11124,458.p.11124,Ramón Laureano,Ramón,Laureano,CF,,SD,San Diego Padres,DTD,team,458.l.15505.t.1,44
4,Hammers,Nathan,HAM,11125,458.p.11125,Brandon Lowe,Brandon,Lowe,"1B,2B",,PIT,Pittsburgh Pirates,,team,458.l.15505.t.4,79
4,Hammers,Nathan,HAM,11138,458.p.11138,Framber Valdez,Framber,Valdez,SP,,HOU,Houston Astros,NA,team,458.l.15505.t.4,92
7,Law Abiding Citizen,Mike,LAW ,11202,458.p.11202,Justin Steele,Justin,Steele,SP,,CHC,Chicago Cubs,IL60,team,458.l.15505.t.7,25
5,Jepordizers,John Mobley,JEP,11203,458.p.11203,Jimmy Herget,Jimmy,Herget,RP,,COL,Colorado Rockies,,team,458.l.15505.t.5,0
2,Btwn2Jackies,Lauren,B2J,11208,458.p.11208,Bryan Abreu,Bryan,Abreu,RP,,HOU,Houston Astros,,team,458.l.15505.t.2,56
8,not much of a donkey,ben,SAD,11221,458.p.11221,Luis Arraez,Luis,Arraez,"1B,2B",,SD,San Diego Padres,NA,team,458.l.15505.t.8,80
4,Hammers,Nathan,HAM,11235,458.p.11235,Logan Webb,Logan,Webb,SP,,SF,San Francisco Giants,,team,458.l.15505.t.4,97
1,Whiz Kids,Kyle,WIZ,11251,458.p.11251,Merrill Kelly,Merrill,Kelly,SP,,AZ,Arizona Diamondbacks,,team,458.l.15505.t.1,76
12,Weekend Warriors,Zach,WAR,11255,458.p.11255,Reed Garrett,Reed,Garrett,RP,,NYM,New York Mets,DTD,team,458.l.15505.t.12,4
12,Weekend Warriors,Zach,WAR,11268,458.p.11268,William Contreras,William,Contreras,C,,MIL,Milwaukee Brewers,,team,458.l.15505.t.12,95
6,La Flama Blanca,Alex,LFB,11277,458.p.11277,Grayson Rodriguez,Grayson,Rodriguez,SP,,LAA,Los Angeles Angels,DTD,team,458.l.15505.t.6,20
1,Whiz Kids,Kyle,WIZ,11284,458.p.11284,Nico Hoerner,Nico,Hoerner,"2B,SS",,CHC,Chicago Cubs,,team,458.l.15505.t.1,91
3,Country Fried Lamb,Jake,CFL,11290,458.p.11290,TJ Friedl,TJ,Friedl,CF,,CIN,Cincinnati Reds,,team,458.l.15505.t.3,50
7,Law Abiding Citizen,Mike,LAW ,11315,458.p.11315,Cristian Javier,Cristian,Javier,SP,,HOU,Houston Astros,,team,458.l.15505.t.7,22
12,Weekend Warriors,Zach,WAR,11319,458.p.11319,Kris Bubic,Kris,Bubic,"SP,RP",,KC,Kansas City Royals,IL60,team,458.l.15505.t.12,23
9,Andromedans,Zakkeroni,DRO,11323,458.p.11323,Brady Singer,Brady,Singer,SP,,CIN,Cincinnati Reds,,team,458.l.15505.t.9,74
9,Andromedans,Zakkeroni,DRO,11325,458.p.11325,Jeremiah Jackson,Jeremiah,Jackson,"3B,SS,OF",,BAL,Baltimore Orioles,,team,458.l.15505.t.9,22
11,The Bluke Blokes,Blake,TBB,11343,458.p.11343,Brice Turang,Brice,Turang,2B,,MIL,Milwaukee Brewers,,team,458.l.15505.t.11,93
3,Country Fried Lamb,Jake,CFL,11349,458.p.11349,Francisco Alvarez,Francisco,Alvarez,C,,NYM,New York Mets,DTD,team,458.l.15505.t.3,19
7,Law Abiding Citizen,Mike,LAW ,11358,458.p.11358,Garrett Whitlock,Garrett,Whitlock,"SP,RP",,BOS,Boston Red Sox,,team,458.l.15505.t.7,18
4,Hammers,Nathan,HAM,11370,458.p.11370,Oneil Cruz,Oneil,Cruz,"SS,CF",,PIT,Pittsburgh Pirates,,team,458.l.15505.t.4,85
1,Whiz Kids,Kyle,WIZ,11372,458.p.11372,Braxton Ashcraft,Braxton,Ashcraft,"SP,RP",,PIT,Pittsburgh Pirates,,team,458.l.15505.t.1,11
9,Andromedans,Zakkeroni,DRO,11379,458.p.11379,Ryan Weathers,Ryan,Weathers,SP,,MIA,Miami Marlins,,team,458.l.15505.t.9,8
4,Hammers,Nathan,HAM,11381,458.p.11381,Logan Gilbert,Logan,Gilbert,SP,,SEA,Seattle Mariners,,team,458.l.15505.t.4,97
8,not much of a donkey,ben,SAD,11384,458.p.11384,Julio Rodríguez,Julio,Rodríguez,CF,,SEA,Seattle Mariners,,team,458.l.15505.t.8,99
7,Law Abiding Citizen,Mike,LAW ,11397,458.p.11397,Matthew Liberatore,Matthew,Liberatore,"SP,RP",,STL,St. Louis Cardinals,,team,458.l.15505.t.7,19
6,La Flama Blanca,Alex,LFB,11398,458.p.11398,Shane McClanahan,Shane,McClanahan,SP,,TB,Tampa Bay Rays,IL60,team,458.l.15505.t.6,38
3,Country Fried Lamb,Jake,CFL,11417,458.p.11417,Geraldo Perdomo,Geraldo,Perdomo,SS,,AZ,Arizona Diamondbacks,,team,458.l.15505.t.3,91
3,Country Fried Lamb,Jake,CFL,11482,458.p.11482,Edwin Uceta,Edwin,Uceta,RP,,TB,Tampa Bay Rays,,team,458.l.15505.t.3,9
6,La Flama Blanca,Alex,LFB,11489,458.p.11489,Aaron Ashby,Aaron,Ashby,RP,,MIL,Milwaukee Brewers,,team,458.l.15505.t.6,2
7,Law Abiding Citizen,Mike,LAW ,11495,458.p.11495,Jhoan Duran,Jhoan,Duran,RP,,PHI,Philadelphia Phillies,,team,458.l.15505.t.7,95
6,La Flama Blanca,Alex,LFB,11526,458.p.11526,Andrés Muñoz,Andrés,Muñoz,RP,,SEA,Seattle Mariners,,team,458.l.15505.t.6,97
7,Law Abiding Citizen,Mike,LAW ,11529,458.p.11529,Noelvi Marte,Noelvi,Marte,"3B,OF",,CIN,Cincinnati Reds,,team,458.l.15505.t.7,37
1,Whiz Kids,Kyle,WIZ,11531,458.p.11531,Cal Raleigh,Cal,Raleigh,C,,SEA,Seattle Mariners,,team,458.l.15505.t.1,99
3,Country Fried Lamb,Jake,CFL,11596,458.p.11596,Tommy Edman,Tommy,Edman,"2B,3B,SS,CF",,LAD,Los Angeles Dodgers,,team,458.l.15505.t.3,44
5,Jepordizers,John Mobley,JEP,11597,458.p.11597,Pete Fairbanks,Pete,Fairbanks,RP,,MIA,Miami Marlins,,team,458.l.15505.t.5,82
7,Law Abiding Citizen,Mike,LAW ,11625,458.p.11625,Emmanuel Clase,Emmanuel,Clase,RP,,CLE,Cleveland Guardians,NA,team,458.l.15505.t.7,40
11,The Bluke Blokes,Blake,TBB,11628,458.p.11628,Devin Williams,Devin,Williams,RP,,NYM,New York Mets,,team,458.l.15505.t.11,75
4,Hammers,Nathan,HAM,11644,458.p.11644,Tyler Rogers,Tyler,Rogers,RP,,TOR,Toronto Blue Jays,,team,458.l.15505.t.4,19
8,not much of a donkey,ben,SAD,11645,458.p.11645,David Bednar,David,Bednar,RP,,NYY,New York Yankees,,team,458.l.15505.t.8,79
10,Rick Vaughn,Richard,RV,11653,458.p.11653,Gabe Speier,Gabe,Speier,RP,,SEA,Seattle Mariners,,team,458.l.15505.t.10,8
7,Law Abiding Citizen,Mike,LAW ,11661,458.p.11661,Michael King,Michael,King,SP,,SD,San Diego Padres,,team,458.l.15505.t.7,87
5,Jepordizers,John Mobley,JEP,11689,458.p.11689,Luis Gil,Luis,Gil,SP,,NYY,New York Yankees,,team,458.l.15505.t.5,66
3,Country Fried Lamb,Jake,CFL,11692,458.p.11692,Jake Cronenworth,Jake,Cronenworth,"1B,2B,SS",,SD,San Diego Padres,,team,458.l.15505.t.3,20
5,Jepordizers,John Mobley,JEP,11704,458.p.11704,Garrett Cleavinger,Garrett,Cleavinger,RP,,TB,Tampa Bay Rays,,team,458.l.15505.t.5,6
1,Whiz Kids,Kyle,WIZ,11706,458.p.11706,Cristopher Sánchez,Cristopher,Sánchez,SP,,PHI,Philadelphia Phillies,,team,458.l.15505.t.1,93
8,not much of a donkey,ben,SAD,11717,458.p.11717,Trevor Megill,Trevor,Megill,RP,,MIL,Milwaukee Brewers,,team,458.l.15505.t.8,81
7,Law Abiding Citizen,Mike,LAW ,11722,458.p.11722,Corbin Carroll,Corbin,Carroll,CF,,AZ,Arizona Diamondbacks,,team,458.l.15505.t.7,99
6,La Flama Blanca,Alex,LFB,11728,458.p.11728,Shea Langeliers,Shea,Langeliers,C,,ATH, Athletics,,team,458.l.15505.t.6,90
10,Rick Vaughn,Richard,RV,11731,458.p.11731,Gunnar Henderson,Gunnar,Henderson,SS,,BAL,Baltimore Orioles,,team,458.l.15505.t.10,99
3,Country Fried Lamb,Jake,CFL,11732,458.p.11732,Adley Rutschman,Adley,Rutschman,C,,BAL,Baltimore Orioles,,team,458.l.15505.t.3,67
11,The Bluke Blokes,Blake,TBB,11733,458.p.11733,Kyle Stowers,Kyle,Stowers,CF,,MIA,Miami Marlins,DTD,team,458.l.15505.t.11,57
2,Btwn2Jackies,Lauren,B2J,11735,458.p.11735,Jarren Duran,Jarren,Duran,CF,,BOS,Boston Red Sox,,team,458.l.15505.t.2,98
6,La Flama Blanca,Alex,LFB,11750,458.p.11750,Nick Lodolo,Nick,Lodolo,SP,,CIN,Cincinnati Reds,,team,458.l.15505.t.6,71
12,Weekend Warriors,Zach,WAR,11760,458.p.11760,Riley Greene,Riley,Greene,CF,,DET,Detroit Tigers,,team,458.l.15505.t.12,95
6,La Flama Blanca,Alex,LFB,11763,458.p.11763,Tarik Skubal,Tarik,Skubal,SP,,DET,Detroit Tigers,,team,458.l.15505.t.6,99
6,La Flama Blanca,Alex,LFB,11768,458.p.11768,Jeremy Peña,Jeremy,Peña,SS,,HOU,Houston Astros,DTD,team,458.l.15505.t.6,81
7,Law Abiding Citizen,Mike,LAW ,11771,458.p.11771,Bobby Witt Jr.,Bobby,Witt Jr.,SS,,KC,Kansas City Royals,,team,458.l.15505.t.7,99
4,Hammers,Nathan,HAM,11778,458.p.11778,Michael Busch,Michael,Busch,1B,,CHC,Chicago Cubs,,team,458.l.15505.t.4,71
4,Hammers,Nathan,HAM,11789,458.p.11789,Drew Rasmussen,Drew,Rasmussen,"SP,RP",,TB,Tampa Bay Rays,,team,458.l.15505.t.4,77
5,Jepordizers,John Mobley,JEP,11796,458.p.11796,Brett Baty,Brett,Baty,"2B,3B",,NYM,New York Mets,DTD,team,458.l.15505.t.5,13
2,Btwn2Jackies,Lauren,B2J,11805,458.p.11805,Jasson Domínguez,Jasson,Domínguez,CF,,NYY,New York Yankees,,team,458.l.15505.t.2,37
11,The Bluke Blokes,Blake,TBB,11817,458.p.11817,Bryson Stott,Bryson,Stott,"2B,SS",,PHI,Philadelphia Phillies,,team,458.l.15505.t.11,70
12,Weekend Warriors,Zach,WAR,11820,458.p.11820,Quinn Priester,Quinn,Priester,"SP,RP",,MIL,Milwaukee Brewers,,team,458.l.15505.t.12,69
5,Jepordizers,John Mobley,JEP,11822,458.p.11822,CJ Abrams,CJ,Abrams,SS,,WSH,Washington Nationals,,team,458.l.15505.t.5,95
9,Andromedans,Zakkeroni,DRO,11823,458.p.11823,Joey Cantillo,Joey,Cantillo,"SP,RP",,CLE,Cleveland Guardians,,team,458.l.15505.t.9,45
3,Country Fried Lamb,Jake,CFL,11826,458.p.11826,George Kirby,George,Kirby,SP,,SEA,Seattle Mariners,,team,458.l.15505.t.3,90
2,Btwn2Jackies,Lauren,B2J,11836,458.p.11836,Ivan Herrera,Ivan,Herrera,C,,STL,St. Louis Cardinals,DTD,team,458.l.15505.t.2,69
5,Jepordizers,John Mobley,JEP,11846,458.p.11846,Riley O'Brien,Riley,O'Brien,RP,,STL,St. Louis Cardinals,,team,458.l.15505.t.5,7
6,La Flama Blanca,Alex,LFB,11847,458.p.11847,Joe Ryan,Joe,Ryan,SP,,MIN,Minnesota Twins,,team,458.l.15505.t.6,92
12,Weekend Warriors,Zach,WAR,11850,458.p.11850,Josh Jung,Josh,Jung,3B,,TEX,Texas Rangers,,team,458.l.15505.t.12,32
3,Country Fried Lamb,Jake,CFL,11853,458.p.11853,Alejandro Kirk,Alejandro,Kirk,C,,TOR,Toronto Blue Jays,,team,458.l.15505.t.3,40
7,Law Abiding Citizen,Mike,LAW ,11855,458.p.11855,Gabriel Moreno,Gabriel,Moreno,C,,AZ,Arizona Diamondbacks,,team,458.l.15505.t.7,34
5,Jepordizers,John Mobley,JEP,11866,458.p.11866,Andrew Vaughn,Andrew,Vaughn,1B,,MIL,Milwaukee Brewers,,team,458.l.15505.t.5,22
5,Jepordizers,John Mobley,JEP,11903,458.p.11903,Luis Garcia,Luis,Garcia,SP,,HOU,Houston Astros,IL60,team,458.l.15505.t.5,8
6,La Flama Blanca,Alex,LFB,11914,458.p.11914,Spencer Torkelson,Spencer,Torkelson,1B,,DET,Detroit Tigers,,team,458.l.15505.t.6,78
6,La Flama Blanca,Alex,LFB,11920,458.p.11920,Alex Vesia,Alex,Vesia,RP,,LAD,Los Angeles Dodgers,DTD,team,458.l.15505.t.6,16
3,Country Fried Lamb,Jake,CFL,11998,458.p.11998,Bryan Baker,Bryan,Baker,RP,,TB,Tampa Bay Rays,,team,458.l.15505.t.3,3
12,Weekend Warriors,Zach,WAR,12005,458.p.12005,Tyler Soderstrom,Tyler,Soderstrom,"1B,OF",,ATH, Athletics,,team,458.l.15505.t.12,84
11,The Bluke Blokes,Blake,TBB,12015,458.p.12015,Max Meyer,Max,Meyer,SP,,MIA,Miami Marlins,IL60,team,458.l.15505.t.11,7
12,Weekend Warriors,Zach,WAR,12025,458.p.12025,Masyn Winn,Masyn,Winn,SS,,STL,St. Louis Cardinals,DTD,team,458.l.15505.t.12,39
5,Jepordizers,John Mobley,JEP,12036,458.p.12036,Ryan Pepiot,Ryan,Pepiot,SP,,TB,Tampa Bay Rays,,team,458.l.15505.t.5,70
8,not much of a donkey,ben,SAD,12037,458.p.12037,Bobby Miller,Bobby,Miller,SP,,LAD,Los Angeles Dodgers,,team,458.l.15505.t.8,1
12,Weekend Warriors,Zach,WAR,12046,458.p.12046,Garrett Crochet,Garrett,Crochet,SP,,BOS,Boston Red Sox,,team,458.l.15505.t.12,96
6,La Flama Blanca,Alex,LFB,12056,458.p.12056,Michael Harris II,Michael,Harris II,CF,,ATL,Atlanta Braves,,team,458.l.15505.t.6,87
11,The Bluke Blokes,Blake,TBB,12086,458.p.12086,Jacob Latz,Jacob,Latz,"SP,RP",,TEX,Texas Rangers,,team,458.l.15505.t.11,8
2,Btwn2Jackies,Lauren,B2J,12092,458.p.12092,Eduard Bazardo,Eduard,Bazardo,RP,,SEA,Seattle Mariners,,team,458.l.15505.t.2,4
11,The Bluke Blokes,Blake,TBB,12100,458.p.12100,Otto Lopez,Otto,Lopez,"2B,SS",,MIA,Miami Marlins,,team,458.l.15505.t.11,36
12,Weekend Warriors,Zach,WAR,12110,458.p.12110,Will Vest,Will,Vest,RP,,DET,Detroit Tigers,,team,458.l.15505.t.12,52
6,La Flama Blanca,Alex,LFB,12122,458.p.12122,Jordan Westburg,Jordan,Westburg,"2B,3B",,BAL,Baltimore Orioles,,team,458.l.15505.t.6,73
5,Jepordizers,John Mobley,JEP,12127,458.p.12127,Owen Caissie,Owen,Caissie,CF,,CHC,Chicago Cubs,,team,458.l.15505.t.5,3
5,Jepordizers,John Mobley,JEP,12136,458.p.12136,Brenton Doyle,Brenton,Doyle,CF,,COL,Colorado Rockies,,team,458.l.15505.t.5,56
9,Andromedans,Zakkeroni,DRO,12141,458.p.12141,Hunter Brown,Hunter,Brown,SP,,HOU,Houston Astros,,team,458.l.15505.t.9,94
4,Hammers,Nathan,HAM,12148,458.p.12148,Andy Pages,Andy,Pages,CF,,LAD,Los Angeles Dodgers,,team,458.l.15505.t.4,75
5,Jepordizers,John Mobley,JEP,12156,458.p.12156,Cole Sands,Cole,Sands,"SP,RP",,MIN,Minnesota Twins,,team,458.l.15505.t.5,3
11,The Bluke Blokes,Blake,TBB,12157,458.p.12157,Pete Crow-Armstrong,Pete,Crow-Armstrong,CF,,CHC,Chicago Cubs,,team,458.l.15505.t.11,95
8,not much of a donkey,ben,SAD,12158,458.p.12158,J.T. Ginn,J.T.,Ginn,"SP,RP",,ATH, Athletics,,team,458.l.15505.t.8,7
3,Country Fried Lamb,Jake,CFL,12203,458.p.12203,Griffin Jax,Griffin,Jax,RP,,TB,Tampa Bay Rays,,team,458.l.15505.t.3,17
6,La Flama Blanca,Alex,LFB,12215,458.p.12215,Tylor Megill,Tylor,Megill,SP,,NYM,New York Mets,IL60,team,458.l.15505.t.6,21
11,The Bluke Blokes,Blake,TBB,12262,458.p.12262,Romy Gonzalez,Romy,Gonzalez,"1B,2B,3B,SS",,BOS,Boston Red Sox,,team,458.l.15505.t.11,19
10,Rick Vaughn,Richard,RV,12278,458.p.12278,Matt Brash,Matt,Brash,RP,,SEA,Seattle Mariners,,team,458.l.15505.t.10,10
4,Hammers,Nathan,HAM,12281,458.p.12281,Spencer Strider,Spencer,Strider,SP,,ATL,Atlanta Braves,,team,458.l.15505.t.4,89
9,Andromedans,Zakkeroni,DRO,12305,458.p.12305,Randy Rodríguez,Randy,Rodríguez,RP,,SF,San Francisco Giants,IL60,team,458.l.15505.t.9,13
4,Hammers,Nathan,HAM,12309,458.p.12309,Jonathan Aranda,Jonathan,Aranda,"1B,2B",,TB,Tampa Bay Rays,,team,458.l.15505.t.4,44
3,Country Fried Lamb,Jake,CFL,12314,458.p.12314,Steven Kwan,Steven,Kwan,OF,,CLE,Cleveland Guardians,,team,458.l.15505.t.3,88
4,Hammers,Nathan,HAM,12328,458.p.12328,Ronny Henriquez,Ronny,Henriquez,RP,,MIA,Miami Marlins,,team,458.l.15505.t.4,24
11,The Bluke Blokes,Blake,TBB,12330,458.p.12330,Brayan Bello,Brayan,Bello,SP,,BOS,Boston Red Sox,,team,458.l.15505.t.11,50
9,Andromedans,Zakkeroni,DRO,12336,458.p.12336,Maikel Garcia,Maikel,Garcia,"2B,3B,SS,OF",,KC,Kansas City Royals,,team,458.l.15505.t.9,92
8,not much of a donkey,ben,SAD,12345,458.p.12345,Kyle Bradish,Kyle,Bradish,SP,,BAL,Baltimore Orioles,,team,458.l.15505.t.8,67
10,Rick Vaughn,Richard,RV,12346,458.p.12346,Félix Bautista,Félix,Bautista,RP,,BAL,Baltimore Orioles,DTD,team,458.l.15505.t.10,41
2,Btwn2Jackies,Lauren,B2J,12351,458.p.12351,Brendan Donovan,Brendan,Donovan,"2B,3B,SS,OF",,STL,St. Louis Cardinals,DTD,team,458.l.15505.t.2,54
2,Btwn2Jackies,Lauren,B2J,12354,458.p.12354,Robert Suarez,Robert,Suarez,RP,,ATL,Atlanta Braves,,team,458.l.15505.t.2,94
8,not much of a donkey,ben,SAD,12356,458.p.12356,Ryne Nelson,Ryne,Nelson,"SP,RP",,AZ,Arizona Diamondbacks,,team,458.l.15505.t.8,41
10,Rick Vaughn,Richard,RV,12363,458.p.12363,Spencer Schwellenbach,Spencer,Schwellenbach,SP,,ATL,Atlanta Braves,DTD,team,458.l.15505.t.10,53
10,Rick Vaughn,Richard,RV,12369,458.p.12369,Colton Cowser,Colton,Cowser,CF,,BAL,Baltimore Orioles,,team,458.l.15505.t.10,32
9,Andromedans,Zakkeroni,DRO,12370,458.p.12370,Connor Norby,Connor,Norby,"2B,3B",,MIA,Miami Marlins,,team,458.l.15505.t.9,6
11,The Bluke Blokes,Blake,TBB,12374,458.p.12374,Joey Ortiz,Joey,Ortiz,"3B,SS",,MIL,Milwaukee Brewers,,team,458.l.15505.t.11,6
11,The Bluke Blokes,Blake,TBB,12390,458.p.12390,Matt McLain,Matt,McLain,"2B,SS",,CIN,Cincinnati Reds,,team,458.l.15505.t.11,56
8,not much of a donkey,ben,SAD,12393,458.p.12393,Elly De La Cruz,Elly,De La Cruz,SS,,CIN,Cincinnati Reds,,team,458.l.15505.t.8,99
10,Rick Vaughn,Richard,RV,12395,458.p.12395,Andrew Abbott,Andrew,Abbott,SP,,CIN,Cincinnati Reds,,team,458.l.15505.t.10,78
9,Andromedans,Zakkeroni,DRO,12401,458.p.12401,Gavin Williams,Gavin,Williams,SP,,CLE,Cleveland Guardians,,team,458.l.15505.t.9,72
8,not much of a donkey,ben,SAD,12409,458.p.12409,Hunter Goodman,Hunter,Goodman,"C,OF",,COL,Colorado Rockies,,team,458.l.15505.t.8,89
12,Weekend Warriors,Zach,WAR,12413,458.p.12413,Colson Montgomery,Colson,Montgomery,"3B,SS",,CWS,Chicago White Sox,,team,458.l.15505.t.12,45
5,Jepordizers,John Mobley,JEP,12420,458.p.12420,Lenyn Sosa,Lenyn,Sosa,"1B,2B,3B",,CWS,Chicago White Sox,,team,458.l.15505.t.5,29
12,Weekend Warriors,Zach,WAR,12422,458.p.12422,Jackson Jobe,Jackson,Jobe,"SP,RP",,DET,Detroit Tigers,IL60,team,458.l.15505.t.12,10
9,Andromedans,Zakkeroni,DRO,12429,458.p.12429,Reese Olson,Reese,Olson,SP,,DET,Detroit Tigers,IL60,team,458.l.15505.t.9,12
10,Rick Vaughn,Richard,RV,12430,458.p.12430,Colt Keith,Colt,Keith,"1B,2B,3B",,DET,Detroit Tigers,,team,458.l.15505.t.10,16
11,The Bluke Blokes,Blake,TBB,12435,458.p.12435,Yainer Diaz,Yainer,Diaz,"C,1B",,HOU,Houston Astros,,team,458.l.15505.t.11,81
9,Andromedans,Zakkeroni,DRO,12449,458.p.12449,Vinnie Pasquantino,Vinnie,Pasquantino,1B,,KC,Kansas City Royals,,team,458.l.15505.t.9,92
8,not much of a donkey,ben,SAD,12468,458.p.12468,Eury Pérez,Eury,Pérez,SP,,MIA,Miami Marlins,,team,458.l.15505.t.8,50
7,Law Abiding Citizen,Mike,LAW ,12476,458.p.12476,Sal Frelick,Sal,Frelick,CF,,MIL,Milwaukee Brewers,,team,458.l.15505.t.7,44
8,not much of a donkey,ben,SAD,12480,458.p.12480,Jackson Chourio,Jackson,Chourio,CF,,MIL,Milwaukee Brewers,,team,458.l.15505.t.8,99
8,not much of a donkey,ben,SAD,12505,458.p.12505,Mason Miller,Mason,Miller,RP,,SD,San Diego Padres,,team,458.l.15505.t.8,91
10,Rick Vaughn,Richard,RV,12516,458.p.12516,Bubba Chandler,Bubba,Chandler,SP,,PIT,Pittsburgh Pirates,,team,458.l.15505.t.10,44
9,Andromedans,Zakkeroni,DRO,12519,458.p.12519,Mike Burrows,Mike,Burrows,"SP,RP",,HOU,Houston Astros,,team,458.l.15505.t.9,11
5,Jepordizers,John Mobley,JEP,12521,458.p.12521,James Wood,James,Wood,OF,,WSH,Washington Nationals,,team,458.l.15505.t.5,97
4,Hammers,Nathan,HAM,12522,458.p.12522,Jackson Merrill,Jackson,Merrill,CF,,SD,San Diego Padres,,team,458.l.15505.t.4,93
6,La Flama Blanca,Alex,LFB,12540,458.p.12540,Bryce Miller,Bryce,Miller,SP,,SEA,Seattle Mariners,,team,458.l.15505.t.6,63
11,The Bluke Blokes,Blake,TBB,12550,458.p.12550,Alec Burleson,Alec,Burleson,"1B,OF",,STL,St. Louis Cardinals,,team,458.l.15505.t.11,47
9,Andromedans,Zakkeroni,DRO,12554,458.p.12554,Taj Bradley,Taj,Bradley,SP,,MIN,Minnesota Twins,,team,458.l.15505.t.9,22
7,Law Abiding Citizen,Mike,LAW ,12561,458.p.12561,Jack Leiter,Jack,Leiter,SP,,TEX,Texas Rangers,,team,458.l.15505.t.7,44
3,Country Fried Lamb,Jake,CFL,12563,458.p.12563,Evan Carter,Evan,Carter,CF,,TEX,Texas Rangers,IL60,team,458.l.15505.t.3,6
3,Country Fried Lamb,Jake,CFL,12582,458.p.12582,Daylen Lile,Daylen,Lile,OF,,WSH,Washington Nationals,,team,458.l.15505.t.3,43
12,Weekend Warriors,Zach,WAR,12588,458.p.12588,Seiya Suzuki,Seiya,Suzuki,OF,,CHC,Chicago Cubs,,team,458.l.15505.t.12,90
5,Jepordizers,John Mobley,JEP,12590,458.p.12590,Ronel Blanco,Ronel,Blanco,SP,,HOU,Houston Astros,IL60,team,458.l.15505.t.5,10
12,Weekend Warriors,Zach,WAR,12630,458.p.12630,Jared Koenig,Jared,Koenig,"SP,RP",,MIL,Milwaukee Brewers,,team,458.l.15505.t.12,9
11,The Bluke Blokes,Blake,TBB,12665,458.p.12665,Hunter Gaddis,Hunter,Gaddis,RP,,CLE,Cleveland Guardians,,team,458.l.15505.t.11,18
8,not much of a donkey,ben,SAD,12667,458.p.12667,Kerry Carpenter,Kerry,Carpenter,OF,,DET,Detroit Tigers,,team,458.l.15505.t.8,56
8,not much of a donkey,ben,SAD,12687,458.p.12687,Jeremiah Estrada,Jeremiah,Estrada,RP,,SD,San Diego Padres,,team,458.l.15505.t.8,19
6,La Flama Blanca,Alex,LFB,12690,458.p.12690,Fernando Cruz,Fernando,Cruz,"SP,RP",,NYY,New York Yankees,,team,458.l.15505.t.6,9
10,Rick Vaughn,Richard,RV,12719,458.p.12719,Lawrence Butler,Lawrence,Butler,CF,,ATH, Athletics,DTD,team,458.l.15505.t.10,79
4,Hammers,Nathan,HAM,12723,458.p.12723,Jose A. Ferrer,Jose A.,Ferrer,RP,,SEA,Seattle Mariners,,team,458.l.15505.t.4,32
10,Rick Vaughn,Richard,RV,12730,458.p.12730,Ceddanne Rafaela,Ceddanne,Rafaela,"2B,SS,CF",,BOS,Boston Red Sox,,team,458.l.15505.t.10,66
5,Jepordizers,John Mobley,JEP,12731,458.p.12731,Wilyer Abreu,Wilyer,Abreu,CF,,BOS,Boston Red Sox,,team,458.l.15505.t.5,40
9,Andromedans,Zakkeroni,DRO,12741,458.p.12741,Addison Barger,Addison,Barger,"3B,OF",,TOR,Toronto Blue Jays,,team,458.l.15505.t.9,31
10,Rick Vaughn,Richard,RV,12746,458.p.12746,Abner Uribe,Abner,Uribe,RP,,MIL,Milwaukee Brewers,,team,458.l.15505.t.10,45
2,Btwn2Jackies,Lauren,B2J,12758,458.p.12758,Jared Triolo,Jared,Triolo,"1B,2B,3B,SS",,PIT,Pittsburgh Pirates,,team,458.l.15505.t.2,25
2,Btwn2Jackies,Lauren,B2J,12776,458.p.12776,Kodai Senga,Kodai,Senga,SP,,NYM,New York Mets,,team,458.l.15505.t.2,49
8,not much of a donkey,ben,SAD,60016,458.p.60016,Cade Smith,Cade,Smith,RP,,CLE,Cleveland Guardians,,team,458.l.15505.t.8,70
10,Rick Vaughn,Richard,RV,60042,458.p.60042,Parker Messick,Parker,Messick,SP,,CLE,Cleveland Guardians,,team,458.l.15505.t.10,36
4,Hammers,Nathan,HAM,60077,458.p.60077,Drake Baldwin,Drake,Baldwin,C,,ATL,Atlanta Braves,,team,458.l.15505.t.4,48
7,Law Abiding Citizen,Mike,LAW ,60090,458.p.60090,Jackson Holliday,Jackson,Holliday,"2B,SS",,BAL,Baltimore Orioles,,team,458.l.15505.t.7,70
5,Jepordizers,John Mobley,JEP,60091,458.p.60091,Dylan Beavers,Dylan,Beavers,OF,,BAL,Baltimore Orioles,,team,458.l.15505.t.5,5
7,Law Abiding Citizen,Mike,LAW ,60108,458.p.60108,Roman Anthony,Roman,Anthony,CF,,BOS,Boston Red Sox,DTD,team,458.l.15505.t.7,53
7,Law Abiding Citizen,Mike,LAW ,60118,458.p.60118,Cade Horton,Cade,Horton,SP,,CHC,Chicago Cubs,,team,458.l.15505.t.7,51
8,not much of a donkey,ben,SAD,60121,458.p.60121,Daniel Palencia,Daniel,Palencia,RP,,CHC,Chicago Cubs,,team,458.l.15505.t.8,38
3,Country Fried Lamb,Jake,CFL,60122,458.p.60122,Porter Hodge,Porter,Hodge,RP,,CHC,Chicago Cubs,,team,458.l.15505.t.3,2
10,Rick Vaughn,Richard,RV,60147,458.p.60147,Jordan Beck,Jordan,Beck,OF,,COL,Colorado Rockies,,team,458.l.15505.t.10,18
8,not much of a donkey,ben,SAD,60175,458.p.60175,Troy Melton,Troy,Melton,"SP,RP",,DET,Detroit Tigers,,team,458.l.15505.t.8,3
8,not much of a donkey,ben,SAD,60211,458.p.60211,Noah Cameron,Noah,Cameron,SP,,KC,Kansas City Royals,,team,458.l.15505.t.8,56
8,not much of a donkey,ben,SAD,60214,458.p.60214,Zach Neto,Zach,Neto,SS,,LAA,Los Angeles Angels,DTD,team,458.l.15505.t.8,73
12,Weekend Warriors,Zach,WAR,60232,458.p.60232,Dalton Rushing,Dalton,Rushing,"C,OF",,LAD,Los Angeles Dodgers,,team,458.l.15505.t.12,2
7,Law Abiding Citizen,Mike,LAW ,60238,458.p.60238,Emmet Sheehan,Emmet,Sheehan,SP,,LAD,Los Angeles Dodgers,,team,458.l.15505.t.7,60
5,Jepordizers,John Mobley,JEP,60254,458.p.60254,Jacob Misiorowski,Jacob,Misiorowski,"SP,RP",,MIL,Milwaukee Brewers,,team,458.l.15505.t.5,63
7,Law Abiding Citizen,Mike,LAW ,60266,458.p.60266,Brooks Lee,Brooks,Lee,"2B,3B,SS",,MIN,Minnesota Twins,,team,458.l.15505.t.7,14
9,Andromedans,Zakkeroni,DRO,60281,458.p.60281,Mike Vasil,Mike,Vasil,"SP,RP",,CWS,Chicago White Sox,,team,458.l.15505.t.9,1
5,Jepordizers,John Mobley,JEP,60295,458.p.60295,Will Warren,Will,Warren,SP,,NYY,New York Yankees,,team,458.l.15505.t.5,42
3,Country Fried Lamb,Jake,CFL,60317,458.p.60317,Justin Crawford,Justin,Crawford,CF,,PHI,Philadelphia Phillies,NA,team,458.l.15505.t.3,2
10,Rick Vaughn,Richard,RV,60411,458.p.60411,Kyle Manzardo,Kyle,Manzardo,1B,,CLE,Cleveland Guardians,,team,458.l.15505.t.10,20
12,Weekend Warriors,Zach,WAR,60418,458.p.60418,Ian Seymour,Ian,Seymour,"SP,RP",,TB,Tampa Bay Rays,,team,458.l.15505.t.12,30
8,not much of a donkey,ben,SAD,60419,458.p.60419,Junior Caminero,Junior,Caminero,3B,,TB,Tampa Bay Rays,,team,458.l.15505.t.8,96
4,Hammers,Nathan,HAM,60420,458.p.60420,Chandler Simpson,Chandler,Simpson,CF,,TB,Tampa Bay Rays,,team,458.l.15505.t.4,38
10,Rick Vaughn,Richard,RV,60427,458.p.60427,Kumar Rocker,Kumar,Rocker,SP,,TEX,Texas Rangers,,team,458.l.15505.t.10,7
8,not much of a donkey,ben,SAD,60584,458.p.60584,Bryan Woo,Bryan,Woo,SP,,SEA,Seattle Mariners,,team,458.l.15505.t.8,86
8,not much of a donkey,ben,SAD,60650,458.p.60650,Landen Roupp,Landen,Roupp,"SP,RP",,SF,San Francisco Giants,DTD,team,458.l.15505.t.8,10
12,Weekend Warriors,Zach,WAR,60907,458.p.60907,Jared Jones,Jared,Jones,SP,,PIT,Pittsburgh Pirates,IL60,team,458.l.15505.t.12,20
4,Hammers,Nathan,HAM,61627,458.p.61627,Ryan Walker,Ryan,Walker,RP,,SF,San Francisco Giants,,team,458.l.15505.t.4,72
4,Hammers,Nathan,HAM,61788,458.p.61788,Caleb Durbin,Caleb,Durbin,"2B,3B,SS",,MIL,Milwaukee Brewers,DTD,team,458.l.15505.t.4,32
9,Andromedans,Zakkeroni,DRO,61818,458.p.61818,Agustín Ramírez,Agustín,Ramírez,"C,1B",,MIA,Miami Marlins,,team,458.l.15505.t.9,69
4,Hammers,Nathan,HAM,61866,458.p.61866,Isaac Collins,Isaac,Collins,OF,,KC,Kansas City Royals,,team,458.l.15505.t.4,13
12,Weekend Warriors,Zach,WAR,62054,458.p.62054,Sawyer Gipson-Long,Sawyer,Gipson-Long,"SP,RP",,DET,Detroit Tigers,DTD,team,458.l.15505.t.12,1
5,Jepordizers,John Mobley,JEP,62057,458.p.62057,Nacho Alvarez Jr.,Nacho,Alvarez Jr.,"2B,3B",,ATL,Atlanta Braves,,team,458.l.15505.t.5,1
1,Whiz Kids,Kyle,WIZ,62085,458.p.62085,Jordan Leasure,Jordan,Leasure,RP,,CWS,Chicago White Sox,,team,458.l.15505.t.1,11
1,Whiz Kids,Kyle,WIZ,62119,458.p.62119,Jakob Marsee,Jakob,Marsee,CF,,MIA,Miami Marlins,,team,458.l.15505.t.1,54
9,Andromedans,Zakkeroni,DRO,62137,458.p.62137,Ben Rice,Ben,Rice,"C,1B",,NYY,New York Yankees,,team,458.l.15505.t.9,70
1,Whiz Kids,Kyle,WIZ,62262,458.p.62262,Jack Dreyer,Jack,Dreyer,"SP,RP",,LAD,Los Angeles Dodgers,,team,458.l.15505.t.1,3
10,Rick Vaughn,Richard,RV,62354,458.p.62354,Alex Freeland,Alex,Freeland,"2B,3B,SS",,LAD,Los Angeles Dodgers,,team,458.l.15505.t.10,1
10,Rick Vaughn,Richard,RV,62461,458.p.62461,Jack Perkins,Jack,Perkins,"SP,RP",,ATH, Athletics,DTD,team,458.l.15505.t.10,4
12,Weekend Warriors,Zach,WAR,62504,458.p.62504,Chase Meidroth,Chase,Meidroth,"2B,3B,SS",,CWS,Chicago White Sox,,team,458.l.15505.t.12,8
3,Country Fried Lamb,Jake,CFL,62642,458.p.62642,Jacob Lopez,Jacob,Lopez,SP,,ATH, Athletics,DTD,team,458.l.15505.t.3,17
8,not much of a donkey,ben,SAD,62935,458.p.62935,Nolan McLean,Nolan,McLean,SP,,NYM,New York Mets,,team,458.l.15505.t.8,66
7,Law Abiding Citizen,Mike,LAW ,62953,458.p.62953,Nolan Schanuel,Nolan,Schanuel,1B,,LAA,Los Angeles Angels,,team,458.l.15505.t.7,13
11,The Bluke Blokes,Blake,TBB,62972,458.p.62972,Paul Skenes,Paul,Skenes,SP,,PIT,Pittsburgh Pirates,,team,458.l.15505.t.11,97
12,Weekend Warriors,Zach,WAR,62973,458.p.62973,Wyatt Langford,Wyatt,Langford,CF,,TEX,Texas Rangers,DTD,team,458.l.15505.t.12,83
2,Btwn2Jackies,Lauren,B2J,62976,458.p.62976,Jacob Wilson,Jacob,Wilson,SS,,ATH, Athletics,,team,458.l.15505.t.2,65
10,Rick Vaughn,Richard,RV,62979,458.p.62979,Kyle Teel,Kyle,Teel,C,,CWS,Chicago White Sox,,team,458.l.15505.t.10,24
5,Jepordizers,John Mobley,JEP,63023,458.p.63023,Luke Keaschall,Luke,Keaschall,"1B,2B,CF",,MIN,Minnesota Twins,DTD,team,458.l.15505.t.5,45
9,Andromedans,Zakkeroni,DRO,63091,458.p.63091,Erik Sabrowski,Erik,Sabrowski,RP,,CLE,Cleveland Guardians,,team,458.l.15505.t.9,2
10,Rick Vaughn,Richard,RV,63128,458.p.63128,Kristian Campbell,Kristian,Campbell,"2B,CF",,BOS,Boston Red Sox,,team,458.l.15505.t.10,16
12,Weekend Warriors,Zach,WAR,63308,458.p.63308,Matt Svanson,Matt,Svanson,RP,,STL,St. Louis Cardinals,,team,458.l.15505.t.12,2
3,Country Fried Lamb,Jake,CFL,63423,458.p.63423,Yoshinobu Yamamoto,Yoshinobu,Yamamoto,SP,,LAD,Los Angeles Dodgers,,team,458.l.15505.t.3,96
5,Jepordizers,John Mobley,JEP,63479,458.p.63479,Juan Mejia,Juan,Mejia,RP,,COL,Colorado Rockies,,team,458.l.15505.t.5,0
7,Law Abiding Citizen,Mike,LAW ,63494,458.p.63494,Jung Hoo Lee,Jung Hoo,Lee,CF,,SF,San Francisco Giants,,team,458.l.15505.t.7,36
2,Btwn2Jackies,Lauren,B2J,63613,458.p.63613,Luis Morales,Luis,Morales,SP,,ATH, Athletics,,team,458.l.15505.t.2,35
6,La Flama Blanca,Alex,LFB,63627,458.p.63627,Hayden Birdsong,Hayden,Birdsong,"SP,RP",,SF,San Francisco Giants,,team,458.l.15505.t.6,5
4,Hammers,Nathan,HAM,63640,458.p.63640,Shota Imanaga,Shota,Imanaga,SP,,CHC,Chicago Cubs,,team,458.l.15505.t.4,91
9,Andromedans,Zakkeroni,DRO,63720,458.p.63720,Justin Sterner,Justin,Sterner,RP,,ATH, Athletics,,team,458.l.15505.t.9,1
12,Weekend Warriors,Zach,WAR,63967,458.p.63967,Shane Smith,Shane,Smith,"SP,RP",,CWS,Chicago White Sox,,team,458.l.15505.t.12,38
1,Whiz Kids,Kyle,WIZ,64014,458.p.64014,Bryan King,Bryan,King,RP,,HOU,Houston Astros,,team,458.l.15505.t.1,11
7,Law Abiding Citizen,Mike,LAW ,64312,458.p.64312,Jac Caglianone,Jac,Caglianone,"1B,OF",,KC,Kansas City Royals,,team,458.l.15505.t.7,17
10,Rick Vaughn,Richard,RV,64313,458.p.64313,Nick Kurtz,Nick,Kurtz,1B,,ATH, Athletics,,team,458.l.15505.t.10,90
10,Rick Vaughn,Richard,RV,64316,458.p.64316,Chase Burns,Chase,Burns,"SP,RP",,CIN,Cincinnati Reds,,team,458.l.15505.t.10,26
10,Rick Vaughn,Richard,RV,64330,458.p.64330,Cam Smith,Cam,Smith,"3B,OF",,HOU,Houston Astros,,team,458.l.15505.t.10,11
10,Rick Vaughn,Richard,RV,64394,458.p.64394,Payton Tolle,Payton,Tolle,SP,,BOS,Boston Red Sox,,team,458.l.15505.t.10,11
9,Andromedans,Zakkeroni,DRO,64858,458.p.64858,Hyeseong Kim,Hyeseong,Kim,"2B,SS,CF",,LAD,Los Angeles Dodgers,,team,458.l.15505.t.9,5
12,Weekend Warriors,Zach,WAR,64978,458.p.64978,Jonah Tong,Jonah,Tong,SP,,NYM,New York Mets,,team,458.l.15505.t.12,22
10,Rick Vaughn,Richard,RV,64985,458.p.64985,Cam Schlittler,Cam,Schlittler,SP,,NYY,New York Yankees,,team,458.l.15505.t.10,60
10,Rick Vaughn,Richard,RV,65463,458.p.65463,David Morgan,David,Morgan,RP,,SD,San Diego Padres,,team,458.l.15505.t.10,0
1,Whiz Kids,Kyle,WIZ,1000001,458.p.1000001,Shohei Ohtani (Batter),Shohei,Ohtani (Batter),Util,,LAD,Los Angeles Dodgers,,team,458.l.15505.t.1,99
1,Whiz Kids,Kyle,WIZ,1000002,458.p.1000002,Shohei Ohtani (Pitcher),Shohei,Ohtani (Pitcher),SP,,LAD,Los Angeles Dodgers,,team,458.l.15505.t.1,81
